{
    "items_values": [
        596,
        1938,
        904,
        1878,
        1626,
        30,
        450,
        1212,
        1812,
        302
    ],
    "items_weights": [
        596,
        1938,
        904,
        1878,
        1626,
        30,
        450,
        1212,
        1812,
        302
    ],
    "capacity": 6449.0,
    "h_terms": {
        "(0,)": 23781.80059999998,
        "(1,)": 77330.75429999999,
        "(2,)": 36071.72440000001,
        "(3,)": 74936.61330000003,
        "(4,)": 64881.22109999993,
        "(5,)": 1198.0704999999998,
        "(6,)": 17956.057500000003,
        "(7,)": 48361.648200000076,
        "(8,)": 72303.05819999997,
        "(9,)": 12050.50970000001
    },
    "j_terms": {
        "(0, 1)": 21426.1404,
        "(0, 2)": 9994.4432,
        "(0, 3)": 20762.792400000002,
        "(0, 4)": 17976.7308,
        "(0, 5)": 331.67400000000004,
        "(0, 6)": 4975.110000000001,
        "(0, 7)": 13399.6296,
        "(0, 8)": 20033.1096,
        "(0, 9)": 3338.8516,
        "(1, 2)": 32498.709600000002,
        "(1, 3)": 67513.9122,
        "(1, 4)": 58454.5374,
        "(1, 5)": 1078.497,
        "(1, 6)": 16177.455,
        "(1, 7)": 43571.2788,
        "(8, 1)": 65141.2188,
        "(1, 9)": 10856.8698,
        "(2, 3)": 31492.5576,
        "(2, 4)": 27266.7192,
        "(2, 5)": 503.076,
        "(2, 6)": 7546.14,
        "(2, 7)": 20324.2704,
        "(8, 2)": 30385.7904,
        "(9, 2)": 5064.298400000001,
        "(3, 4)": 56644.7994,
        "(3, 5)": 1045.107,
        "(3, 6)": 15676.605,
        "(3, 7)": 42222.3228,
        "(8, 3)": 63124.4628,
        "(9, 3)": 10520.7438,
        "(4, 5)": 904.869,
        "(4, 6)": 13573.035,
        "(4, 7)": 36556.7076,
        "(8, 4)": 54654.0876,
        "(9, 4)": 9109.0146,
        "(5, 6)": 250.425,
        "(5, 7)": 674.4780000000001,
        "(8, 5)": 1008.378,
        "(9, 5)": 168.06300000000002,
        "(6, 7)": 10117.17,
        "(8, 6)": 15125.67,
        "(9, 6)": 2520.945,
        "(8, 7)": 40738.4712,
        "(9, 7)": 6789.7452,
        "(8, 9)": 10151.0052
    }
}